variant,model,reference_frame,target_frame,training_mode,history,frame_stride,input_frames,seeds,test_networks,val_r2_mean,val_r2_sd,test_r2_mean,test_r2_sd,position_mse_mean,position_mse_sd,relative_mse_mean,relative_mse_sd,matches_required_initial_history
dense_head,edge_mlp,15,115,one_step,3,1,"[12, 13, 14, 15]",3,70,0.649649892504448,0.012024576094599159,0.7065864257433413,0.0071602100912169725,1.4918760159941615e-06,2.681779440302076e-08,0.04641811969454407,0.0008344068657163545,False
dense_head,mlp,15,115,one_step,3,1,"[12, 13, 14, 15]",3,70,0.6922757933254866,0.037319267800511625,0.676116364379726,0.02180900671861074,2.4146635014620272e-06,9.978528845787511e-07,0.07512966106517924,0.03104712063023326,False
dense_short_original,edge_mlp,3,103,one_step,1,1,"[2, 3]",3,70,-0.22718775368493507,0.1112407331369742,0.013110697104537014,0.08410762484027595,3.1806369357972083e-06,5.3785905345625046e-08,0.10215422891113873,0.0017274708801344703,False
dense_short_original,mlp,3,103,one_step,1,1,"[2, 3]",3,70,-0.44237773571721717,0.09717373781507659,-0.1554811243373484,0.07288769240681738,3.3992134262916807e-06,5.276011458968845e-09,0.10917436773719094,0.0001694525006143805,False
dense_spread,edge_mlp,15,115,one_step,3,1,"[12, 13, 14, 15]",3,70,0.7294223107294973,0.027172132103694572,0.6925705002556714,0.011378009366505053,1.4921189284948575e-06,3.506075238481147e-08,0.046425677656071515,0.001090877648900629,False
dense_spread,mlp,15,115,one_step,3,1,"[12, 13, 14, 15]",3,70,0.7047494394614306,0.024147359992997018,0.6802255182103275,0.021220714607585078,1.5645021898351495e-06,9.530022987974766e-08,0.04867780508003587,0.002965164283124321,False
dense_spread_original,edge_mlp,3,103,one_step,3,1,"[0, 1, 2, 3]",3,70,0.04764155819300083,0.05038159996991822,0.2464651304580936,0.059183178863720744,8.543331937073076e-06,4.5464823360697395e-06,0.27439079152391804,0.14602182099822317,True
dense_spread_original,mlp,3,103,one_step,3,1,"[0, 1, 2, 3]",3,70,-0.20059933225527346,0.20523573849805565,0.05030745474371719,0.17452344270734407,6.748375256479665e-06,3.5639759442985673e-06,0.21674120141470984,0.11446613423559905,True
published_head_original,edge_mlp,3,103,one_step,3,1,"[0, 1, 2, 3]",3,70,0.006248366659261133,0.048400698897561364,0.2634312387977776,0.021396529111903494,1.3305102138041374e-05,5.763271860048949e-06,0.4273271287893446,0.18510210525521667,True
published_head_original,mlp,3,103,one_step,3,1,"[0, 1, 2, 3]",3,70,-0.2460710600599263,0.10283647117738066,0.19661975831922743,0.04600392710438928,6.266551293351984e-06,1.3283068870741376e-06,0.20126620177855037,0.0426619474480834,True
published_mst_original,edge_mlp,3,103,multi_step,3,1,"[0, 1, 2, 3]",3,70,0.15841313145982638,0.02020863301134946,0.2733399704075074,0.02586841005878283,3.597922176638912e-06,4.252437472299894e-07,0.11555640365621027,0.013657782379576957,True
published_mst_original,mlp,3,103,multi_step,3,1,"[0, 1, 2, 3]",3,70,-0.14097250734459785,0.032687484264439154,0.18558044109581237,0.0952444667709445,7.540376703305117e-06,6.790758197683718e-06,0.24217833829329596,0.21810243715619224,True
stride2_short_original,edge_mlp,3,103,one_step,1,2,"[1, 3]",3,70,0.1019604915612999,0.010372981629726432,0.16589660833261133,0.004596667475948987,2.9597128884363752e-06,5.087120482763538e-08,0.09505869233729299,0.001633857874333329,False
stride2_short_original,mlp,3,103,one_step,1,2,"[1, 3]",3,70,0.04118719272665883,0.08516022112871137,0.14244357368406338,0.06592654291400514,3.4455704648973464e-06,2.302151771853968e-08,0.11066324170456147,0.0007393944792734083,False
stride2_spread,edge_mlp,15,115,one_step,3,2,"[9, 11, 13, 15]",3,70,0.723397751427785,0.0038096257127696854,0.7197998954774066,0.0010670954159447848,1.4705046307231637e-06,4.935108738950991e-09,0.04575317199854781,0.00015355060721823318,False
stride2_spread,mlp,15,115,one_step,3,2,"[9, 11, 13, 15]",3,70,0.7243773663024023,0.005210372802441062,0.7327018540577466,0.007447779785023027,1.428346879925985e-06,8.070240147885271e-08,0.044441478867498864,0.002510968533123194,False
stride5_spread,edge_mlp,15,115,one_step,3,5,"[0, 5, 10, 15]",3,70,0.6082351584429528,0.13553234671256045,0.60676828051065,0.08948442739432004,1.6521949844229225e-06,1.035677684890903e-07,0.05140627218580389,0.0032223998661308566,False
stride5_spread,mlp,15,115,one_step,3,5,"[0, 5, 10, 15]",3,70,0.7149038321206465,0.007857351199806562,0.7106650900686268,0.0017808900234942435,1.4585641963549278e-06,3.682690231195266e-08,0.04538165820935382,0.0011458295067210147,False
